{
    "client": "Thunder Client",
    "collectionName": "Comment",
    "dateExported": "2023-03-14T19:22:04.879Z",
    "version": "1.1",
    "folders": [],
    "requests": [
        {
            "_id": "2e7a6cbf-45b1-40f1-b9a9-5080c2dc6051",
            "colId": "29732cf5-74c0-49f1-874c-bcd0ce0f8c9d",
            "containerId": "",
            "name": "Index",
            "url": "/?post_id=102&sort=latest",
            "method": "GET",
            "sortNum": 10000,
            "created": "2023-03-08T19:03:35.569Z",
            "modified": "2023-03-11T04:10:02.767Z",
            "headers": [],
            "params": [
                {
                    "name": "post_id",
                    "value": "102",
                    "isPath": false
                },
                {
                    "name": "sort",
                    "value": "latest",
                    "isPath": false
                }
            ],
            "tests": []
        }
    ],
    "settings": {
        "headers": [],
        "auth": {
            "type": "bearer",
            "bearer": "{{token}}"
        },
        "tests": [],
        "options": {
            "baseUrl": "{{url}}/comment"
        }
    }
}
