{
    "client": "Thunder Client",
    "collectionName": "Post",
    "dateExported": "2023-03-14T19:21:58.812Z",
    "version": "1.1",
    "folders": [],
    "requests": [
        {
            "_id": "a266b702-ab5c-4f17-91fe-7c422d3d4cf8",
            "colId": "bb1e3105-c313-4151-b740-da4bce517d1c",
            "containerId": "",
            "name": "Store",
            "url": "/?message=this is a test",
            "method": "POST",
            "sortNum": 10000,
            "created": "2023-03-08T18:27:37.991Z",
            "modified": "2023-03-08T18:31:39.108Z",
            "headers": [],
            "params": [
                {
                    "name": "message",
                    "value": "this is a test",
                    "isPath": false
                }
            ],
            "tests": []
        }
    ],
    "settings": {
        "headers": [],
        "auth": {
            "type": "bearer",
            "bearer": "{{token}}"
        },
        "tests": [],
        "options": {
            "baseUrl": "{{url}}/post"
        }
    }
}
