{
    "client": "Thunder Client",
    "collectionName": "Auth",
    "dateExported": "2023-03-14T19:21:30.502Z",
    "version": "1.1",
    "folders": [],
    "requests": [
        {
            "_id": "4f882714-02fd-4d8f-b18e-f8680b111a43",
            "colId": "5b1b0add-4dfb-4e42-8d7a-36f95e612c99",
            "containerId": "",
            "name": "Login",
            "url": "/auth/login?email={{email}}&password={{pass}}",
            "method": "POST",
            "sortNum": 10000,
            "created": "2023-02-26T08:30:44.651Z",
            "modified": "2023-02-26T08:34:19.164Z",
            "headers": [],
            "params": [
                {
                    "name": "email",
                    "value": "{{email}}",
                    "isPath": false
                },
                {
                    "name": "password",
                    "value": "{{pass}}",
                    "isPath": false
                }
            ],
            "tests": []
        }
    ],
    "settings": {
        "headers": [],
        "tests": [],
        "options": {
            "baseUrl": "{{url}}"
        },
        "envId": "813eba37-7795-49e8-a205-e6a5dae660e7"
    }
}
