{
    "client": "Thunder Client",
    "collectionName": "Cart",
    "dateExported": "2023-03-14T19:21:46.271Z",
    "version": "1.1",
    "folders": [],
    "requests": [
        {
            "_id": "ba507760-4769-451b-9f1b-0d8b7b262b79",
            "colId": "0218fef6-8a79-4612-92e7-a6469f3723d5",
            "containerId": "",
            "name": "Store",
            "url": "/?quantity=1",
            "method": "POST",
            "sortNum": 10000,
            "created": "2023-02-26T08:35:28.110Z",
            "modified": "2023-02-26T08:47:48.252Z",
            "headers": [],
            "params": [
                {
                    "name": "quantity",
                    "value": "1",
                    "isPath": false
                }
            ],
            "tests": []
        },
        {
            "_id": "a1ac54bb-2912-406a-9533-5187a63be9df",
            "colId": "0218fef6-8a79-4612-92e7-a6469f3723d5",
            "containerId": "",
            "name": "Update",
            "url": "/4?quantity=2",
            "method": "PATCH",
            "sortNum": 20000,
            "created": "2023-02-26T08:52:25.657Z",
            "modified": "2023-02-26T08:54:08.270Z",
            "headers": [],
            "params": [
                {
                    "name": "quantity",
                    "value": "2",
                    "isPath": false
                }
            ],
            "tests": []
        }
    ],
    "settings": {
        "headers": [],
        "auth": {
            "type": "bearer",
            "bearer": "{{token}}"
        },
        "tests": [],
        "options": {
            "baseUrl": "{{url}}/cart"
        },
        "envId": "813eba37-7795-49e8-a205-e6a5dae660e7"
    }
}
